{"p": 0.025, "i": 0.04, "d": 0.0, "t": [1597182124.48354, 1597182124.4888256, 1597182124.685082, 1597182124.6904655, 1597182124.8867924, 1597182124.8924272, 1597182124.48354, 1597182124.4888256, 1597182124.685082, 1597182124.6904655, 1597182124.8867924, 1597182124.8924272, 1597182125.088442, 1597182125.094513, 1597182125.2911124, 1597182124.48354, 1597182124.4888256, 1597182124.685082, 1597182124.6904655, 1597182124.8867924, 1597182124.8924272, 1597182125.088442, 1597182125.094513, 1597182125.2911124, 1597182125.3029544, 1597182124.48354, 1597182124.4888256, 1597182124.685082, 1597182124.6904655, 1597182124.8867924, 1597182124.8924272, 1597182125.088442, 1597182125.094513, 1597182125.2911124, 1597182125.3029544, 1597182125.494025, 1597182125.5057971], "error": [0.0, 0.0, 0.0, 0.0, 0.0, 0.0, 0.0, 0.0, 0.0, 0.0, 0.0, 0.0, 0.0, 0.0, 0.0, 0.0, 0.0, 0.0, 0.0, 0.0, 0.0, 0.0, 0.0, 0.0, 0.0, 0.0, 0.0, 0.0, 0.0, 0.0, 0.0, 0.0, 0.0, 0.0, 0.0, 0.0, 0.0], "angle": [0.0, 0.0, 0.0, 0.0, 0.0, 0.0, 0.0, 0.0, 0.0, 0.0, 0.0, 0.0, 0.0, 0.0, 0.0, 0.0, 0.0, 0.0, 0.0, 0.0, 0.0, 0.0, 0.0, 0.0, 0.0, 0.0, 0.0, 0.0, 0.0, 0.0, 0.0, 0.0, 0.0, 0.0, 0.0, 0.0, 0.0]}