{"p": 0.04, "i": 0.03, "d": 0.0, "t": [1597490749.2332494, 1597490749.4361591, 1597490749.6497817, 1597490749.8696811, 1597490750.0731423, 1597490749.2332494, 1597490749.4361591, 1597490749.6497817, 1597490749.8696811, 1597490750.0731423, 1597490750.2817147, 1597490749.2332494, 1597490749.4361591, 1597490749.6497817, 1597490749.8696811, 1597490750.0731423, 1597490750.2817147, 1597490750.4907665, 1597490750.7246628, 1597490750.930985, 1597490749.2332494, 1597490749.4361591, 1597490749.6497817, 1597490749.8696811, 1597490750.0731423, 1597490750.2817147, 1597490750.4907665, 1597490750.7246628, 1597490750.930985, 1597490751.1447725, 1597490749.2332494, 1597490749.4361591, 1597490749.6497817, 1597490749.8696811, 1597490750.0731423, 1597490750.2817147, 1597490750.4907665, 1597490750.7246628, 1597490750.930985, 1597490751.1447725, 1597490751.3519096, 1597490749.2332494, 1597490749.4361591, 1597490749.6497817, 1597490749.8696811, 1597490750.0731423, 1597490750.2817147, 1597490750.4907665, 1597490750.7246628, 1597490750.930985, 1597490751.1447725, 1597490751.3519096, 1597490751.5564005, 1597490751.7607868, 1597490749.2332494, 1597490749.4361591, 1597490749.6497817, 1597490749.8696811, 1597490750.0731423, 1597490750.2817147, 1597490750.4907665, 1597490750.7246628, 1597490750.930985, 1597490751.1447725, 1597490751.3519096, 1597490751.5564005, 1597490751.7607868, 1597490752.0210576, 1597490752.2300293, 1597490752.4457664, 1597490749.2332494, 1597490749.4361591, 1597490749.6497817, 1597490749.8696811, 1597490750.0731423, 1597490750.2817147, 1597490750.4907665, 1597490750.7246628, 1597490750.930985, 1597490751.1447725, 1597490751.3519096, 1597490751.5564005, 1597490751.7607868, 1597490752.0210576, 1597490752.2300293, 1597490752.4457664, 1597490752.656633, 1597490749.2332494, 1597490749.4361591, 1597490749.6497817, 1597490749.8696811, 1597490750.0731423, 1597490750.2817147, 1597490750.4907665, 1597490750.7246628, 1597490750.930985, 1597490751.1447725, 1597490751.3519096, 1597490751.5564005, 1597490751.7607868, 1597490752.0210576, 1597490752.2300293, 1597490752.4457664, 1597490752.656633, 1597490752.8617797, 1597490753.0640726, 1597490753.2756836, 1597490749.2332494, 1597490749.4361591, 1597490749.6497817, 1597490749.8696811, 1597490750.0731423, 1597490750.2817147, 1597490750.4907665, 1597490750.7246628, 1597490750.930985, 1597490751.1447725, 1597490751.3519096, 1597490751.5564005, 1597490751.7607868, 1597490752.0210576, 1597490752.2300293, 1597490752.4457664, 1597490752.656633, 1597490752.8617797, 1597490753.0640726, 1597490753.2756836, 1597490753.4896336, 1597490753.6996377, 1597490753.9025023, 1597490754.1416924, 1597490749.2332494, 1597490749.4361591, 1597490749.6497817, 1597490749.8696811, 1597490750.0731423, 1597490750.2817147, 1597490750.4907665, 1597490750.7246628, 1597490750.930985, 1597490751.1447725, 1597490751.3519096, 1597490751.5564005, 1597490751.7607868, 1597490752.0210576, 1597490752.2300293, 1597490752.4457664, 1597490752.656633, 1597490752.8617797, 1597490753.0640726, 1597490753.2756836, 1597490753.4896336, 1597490753.6996377, 1597490753.9025023, 1597490754.1416924, 1597490754.3491993, 1597490754.5545077, 1597490749.2332494, 1597490749.4361591, 1597490749.6497817, 1597490749.8696811, 1597490750.0731423, 1597490750.2817147, 1597490750.4907665, 1597490750.7246628, 1597490750.930985, 1597490751.1447725, 1597490751.3519096, 1597490751.5564005, 1597490751.7607868, 1597490752.0210576, 1597490752.2300293, 1597490752.4457664, 1597490752.656633, 1597490752.8617797, 1597490753.0640726, 1597490753.2756836, 1597490753.4896336, 1597490753.6996377, 1597490753.9025023, 1597490754.1416924, 1597490754.3491993, 1597490754.5545077, 1597490754.7796495, 1597490754.988998, 1597490749.2332494, 1597490749.4361591, 1597490749.6497817, 1597490749.8696811, 1597490750.0731423, 1597490750.2817147, 1597490750.4907665, 1597490750.7246628, 1597490750.930985, 1597490751.1447725, 1597490751.3519096, 1597490751.5564005, 1597490751.7607868, 1597490752.0210576, 1597490752.2300293, 1597490752.4457664, 1597490752.656633, 1597490752.8617797, 1597490753.0640726, 1597490753.2756836, 1597490753.4896336, 1597490753.6996377, 1597490753.9025023, 1597490754.1416924, 1597490754.3491993, 1597490754.5545077, 1597490754.7796495, 1597490754.988998, 1597490755.195835, 1597490755.399653, 1597490749.2332494, 1597490749.4361591, 1597490749.6497817, 1597490749.8696811, 1597490750.0731423, 1597490750.2817147, 1597490750.4907665, 1597490750.7246628, 1597490750.930985, 1597490751.1447725, 1597490751.3519096, 1597490751.5564005, 1597490751.7607868, 1597490752.0210576, 1597490752.2300293, 1597490752.4457664, 1597490752.656633, 1597490752.8617797, 1597490753.0640726, 1597490753.2756836, 1597490753.4896336, 1597490753.6996377, 1597490753.9025023, 1597490754.1416924, 1597490754.3491993, 1597490754.5545077, 1597490754.7796495, 1597490754.988998, 1597490755.195835, 1597490755.399653, 1597490755.61718, 1597490755.81974, 1597490749.2332494, 1597490749.4361591, 1597490749.6497817, 1597490749.8696811, 1597490750.0731423, 1597490750.2817147, 1597490750.4907665, 1597490750.7246628, 1597490750.930985, 1597490751.1447725, 1597490751.3519096, 1597490751.5564005, 1597490751.7607868, 1597490752.0210576, 1597490752.2300293, 1597490752.4457664, 1597490752.656633, 1597490752.8617797, 1597490753.0640726, 1597490753.2756836, 1597490753.4896336, 1597490753.6996377, 1597490753.9025023, 1597490754.1416924, 1597490754.3491993, 1597490754.5545077, 1597490754.7796495, 1597490754.988998, 1597490755.195835, 1597490755.399653, 1597490755.61718, 1597490755.81974, 1597490756.0426097, 1597490756.2571208, 1597490749.2332494, 1597490749.4361591, 1597490749.6497817, 1597490749.8696811, 1597490750.0731423, 1597490750.2817147, 1597490750.4907665, 1597490750.7246628, 1597490750.930985, 1597490751.1447725, 1597490751.3519096, 1597490751.5564005, 1597490751.7607868, 1597490752.0210576, 1597490752.2300293, 1597490752.4457664, 1597490752.656633, 1597490752.8617797, 1597490753.0640726, 1597490753.2756836, 1597490753.4896336, 1597490753.6996377, 1597490753.9025023, 1597490754.1416924, 1597490754.3491993, 1597490754.5545077, 1597490754.7796495, 1597490754.988998, 1597490755.195835, 1597490755.399653, 1597490755.61718, 1597490755.81974, 1597490756.0426097, 1597490756.2571208, 1597490756.4827166, 1597490756.6886358, 1597490749.2332494, 1597490749.4361591, 1597490749.6497817, 1597490749.8696811, 1597490750.0731423, 1597490750.2817147, 1597490750.4907665, 1597490750.7246628, 1597490750.930985, 1597490751.1447725, 1597490751.3519096, 1597490751.5564005, 1597490751.7607868, 1597490752.0210576, 1597490752.2300293, 1597490752.4457664, 1597490752.656633, 1597490752.8617797, 1597490753.0640726, 1597490753.2756836, 1597490753.4896336, 1597490753.6996377, 1597490753.9025023, 1597490754.1416924, 1597490754.3491993, 1597490754.5545077, 1597490754.7796495, 1597490754.988998, 1597490755.195835, 1597490755.399653, 1597490755.61718, 1597490755.81974, 1597490756.0426097, 1597490756.2571208, 1597490756.4827166, 1597490756.6886358, 1597490756.8933198, 1597490757.103379, 1597490757.3091362, 1597490749.2332494, 1597490749.4361591, 1597490749.6497817, 1597490749.8696811, 1597490750.0731423, 1597490750.2817147, 1597490750.4907665, 1597490750.7246628, 1597490750.930985, 1597490751.1447725, 1597490751.3519096, 1597490751.5564005, 1597490751.7607868, 1597490752.0210576, 1597490752.2300293, 1597490752.4457664, 1597490752.656633, 1597490752.8617797, 1597490753.0640726, 1597490753.2756836, 1597490753.4896336, 1597490753.6996377, 1597490753.9025023, 1597490754.1416924, 1597490754.3491993, 1597490754.5545077, 1597490754.7796495, 1597490754.988998, 1597490755.195835, 1597490755.399653, 1597490755.61718, 1597490755.81974, 1597490756.0426097, 1597490756.2571208, 1597490756.4827166, 1597490756.6886358, 1597490756.8933198, 1597490757.103379, 1597490757.3091362, 1597490757.517859, 1597490757.766865, 1597490749.2332494, 1597490749.4361591, 1597490749.6497817, 1597490749.8696811, 