{"p": 0.04, "i": 0.05, "d": 0.005, "t": [1597490824.8312702, 1597490825.0365238, 1597490825.244931, 1597490825.4477954, 1597490824.8312702, 1597490825.0365238, 1597490825.244931, 1597490825.4477954, 1597490825.651385, 1597490825.861075, 1597490824.8312702, 1597490825.0365238, 1597490825.244931, 1597490825.4477954, 1597490825.651385, 1597490825.861075, 1597490826.067407, 1597490826.2797248, 1597490824.8312702, 1597490825.0365238, 1597490825.244931, 1597490825.4477954, 1597490825.651385, 1597490825.861075, 1597490826.067407, 1597490826.2797248, 1597490826.526828, 1597490826.7444205, 1597490824.8312702, 1597490825.0365238, 1597490825.244931, 1597490825.4477954, 1597490825.651385, 1597490825.861075, 1597490826.067407, 1597490826.2797248, 1597490826.526828, 1597490826.7444205, 1597490826.9495513, 1597490827.1824844, 1597490824.8312702, 1597490825.0365238, 1597490825.244931, 1597490825.4477954, 1597490825.651385, 1597490825.861075, 1597490826.067407, 1597490826.2797248, 1597490826.526828, 1597490826.7444205, 1597490826.9495513, 1597490827.1824844, 1597490827.3863552, 1597490827.6098437, 1597490827.8354664, 1597490828.0492153, 1597490824.8312702, 1597490825.0365238, 1597490825.244931, 1597490825.4477954, 1597490825.651385, 1597490825.861075, 1597490826.067407, 1597490826.2797248, 1597490826.526828, 1597490826.7444205, 1597490826.9495513, 1597490827.1824844, 1597490827.3863552, 1597490827.6098437, 1597490827.8354664, 1597490828.0492153, 1597490828.2512333, 1597490824.8312702, 1597490825.0365238, 1597490825.244931, 1597490825.4477954, 1597490825.651385, 1597490825.861075, 1597490826.067407, 1597490826.2797248, 1597490826.526828, 1597490826.7444205, 1597490826.9495513, 1597490827.1824844, 1597490827.3863552, 1597490827.6098437, 1597490827.8354664, 1597490828.0492153, 1597490828.2512333, 1597490828.4548712, 1597490828.6571097, 1597490824.8312702, 1597490825.0365238, 1597490825.244931, 1597490825.4477954, 1597490825.651385, 1597490825.861075, 1597490826.067407, 1597490826.2797248, 1597490826.526828, 1597490826.7444205, 1597490826.9495513, 1597490827.1824844, 1597490827.3863552, 1597490827.6098437, 1597490827.8354664, 1597490828.0492153, 1597490828.2512333, 1597490828.4548712, 1597490828.6571097, 1597490828.8647199, 1597490829.0758328, 1597490829.288988, 1597490829.4924147, 1597490824.8312702, 1597490825.0365238, 1597490825.244931, 1597490825.4477954, 1597490825.651385, 1597490825.861075, 1597490826.067407, 1597490826.2797248, 1597490826.526828, 1597490826.7444205, 1597490826.9495513, 1597490827.1824844, 1597490827.3863552, 1597490827.6098437, 1597490827.8354664, 1597490828.0492153, 1597490828.2512333, 1597490828.4548712, 1597490828.6571097, 1597490828.8647199, 1597490829.0758328, 1597490829.288988, 1597490829.4924147, 1597490829.712697, 1597490829.9202793, 1597490824.8312702, 1597490825.0365238, 1597490825.244931, 1597490825.4477954, 1597490825.651385, 1597490825.861075, 1597490826.067407, 1597490826.2797248, 1597490826.526828, 1597490826.7444205, 1597490826.9495513, 1597490827.1824844, 1597490827.3863552, 1597490827.6098437, 1597490827.8354664, 1597490828.0492153, 1597490828.2512333, 1597490828.4548712, 1597490828.6571097, 1597490828.8647199, 1597490829.0758328, 1597490829.288988, 1597490829.4924147, 1597490829.712697, 1597490829.9202793, 1597490830.139664, 1597490830.3415668, 1597490824.8312702, 1597490825.0365238, 1597490825.244931, 1597490825.4477954, 1597490825.651385, 1597490825.861075, 1597490826.067407, 1597490826.2797248, 1597490826.526828, 1597490826.7444205, 1597490826.9495513, 1597490827.1824844, 1597490827.3863552, 1597490827.6098437, 1597490827.8354664, 1597490828.0492153, 1597490828.2512333, 1597490828.4548712, 1597490828.6571097, 1597490828.8647199, 1597490829.0758328, 1597490829.288988, 1597490829.4924147, 1597490829.712697, 1597490829.9202793, 1597490830.139664, 1597490830.3415668, 1597490830.5438976, 1597490830.746711, 1597490824.8312702, 1597490825.0365238, 1597490825.244931, 1597490825.4477954, 1597490825.651385, 1597490825.861075, 1597490826.067407, 1597490826.2797248, 1597490826.526828, 1597490826.7444205, 1597490826.9495513, 1597490827.1824844, 1597490827.3863552, 1597490827.6098437, 1597490827.8354664, 1597490828.0492153, 1597490828.2512333, 1597490828.4548712, 1597490828.6571097, 1597490828.8647199, 1597490829.0758328, 1597490829.288988, 1597490829.4924147, 1597490829.712697, 1597490829.9202793, 1597490830.139664, 1597490830.3415668, 1597490830.5438976, 1597490830.746711, 1597490830.9492562, 1597490831.1528592, 1597490824.8312702, 1597490825.0365238, 1597490825.244931, 1597490825.4477954, 1597490825.651385, 1597490825.861075, 1597490826.067407, 1597490826.2797248, 1597490826.526828, 1597490826.7444205, 1597490826.9495513, 1597490827.1824844, 1597490827.3863552, 1597490827.6098437, 1597490827.8354664, 1597490828.0492153, 1597490828.2512333, 1597490828.4548712, 1597490828.6571097, 1597490828.8647199, 1597490829.0758328, 1597490829.288988, 1597490829.4924147, 1597490829.712697, 1597490829.9202793, 1597490830.139664, 1597490830.3415668, 1597490830.5438976, 1597490830.746711, 1597490830.9492562, 1597490831.1528592, 1597490831.3554025, 1597490831.5628881, 1597490824.8312702, 1597490825.0365238, 1597490825.244931, 1597490825.4477954, 1597490825.651385, 1597490825.861075, 1597490826.067407, 1597490826.2797248, 1597490826.526828, 1597490826.7444205, 1597490826.9495513, 1597490827.1824844, 1597490827.3863552, 1597490827.6098437, 1597490827.8354664, 1597490828.0492153, 1597490828.2512333, 1597490828.4548712, 1597490828.6571097, 1597490828.8647199, 1597490829.0758328, 1597490829.288988, 1597490829.4924147, 1597490829.712697, 1597490829.9202793, 1597490830.139664, 1597490830.3415668, 1597490830.5438976, 1597490830.746711, 1597490830.9492562, 1597490831.1528592, 1597490831.3554025, 1597490831.5628881, 1597490831.7763667, 1597490831.980963, 1597490824.8312702, 1597490825.0365238, 1597490825.244931, 1597490825.4477954, 1597490825.651385, 1597490825.861075, 1597490826.067407, 1597490826.2797248, 1597490826.526828, 1597490826.7444205, 1597490826.9495513, 1597490827.1824844, 1597490827.3863552, 1597490827.6098437, 1597490827.8354664, 1597490828.0492153, 1597490828.2512333, 1597490828.4548712, 1597490828.6571097, 1597490828.8647199, 1597490829.0758328, 1597490829.288988, 1597490829.4924147, 1597490829.712697, 1597490829.9202793, 1597490830.139664, 1597490830.3415668, 1597490830.5438976, 1597490830.746711, 1597490830.9492562, 1597490831.1528592, 1597490831.3554025, 1597490831.5628881, 1597490831.7763667, 1597490831.980963, 1597490832.1833575, 1597490832.3853877, 1597490832.6064215, 1597490824.8312702, 1597490825.0365238, 1597490825.244931, 1597490825.4477954, 1597490825.651385, 1597490825.861075, 1597490826.067407, 1597490826.2797248, 1597490826.526828, 1597490826.7444205, 1597490826.9495513, 1597490827.1824844, 1597490827.3863552, 1597490827.6098437, 1597490827.8354664, 1597490828.0492153, 1597490828.2512333, 1597490828.4548712, 1597490828.6571097, 1597490828.8647199, 1597490829.0758328, 1597490829.288988, 1597490829.4924147, 1597490829.712697, 1597490829.9202793, 1597490830.139664, 1597490830.3415668, 1597490830.5438976, 1597490830.746711, 1597490830.9492562, 1597490831.1528592, 1597490831.3554025, 1597490831.5628881, 1597490831.7763667, 1597490831.980963, 1597490832.1833575, 1597490832.3853877, 1597490832.6064215, 1597490832.809613],