{"p": 0.04, "i": 0.05, "d": 0.02, "t": [1597490809.1071846, 1597490809.3090186, 1597490809.5115304, 1597490809.7151806, 1597490809.9189115, 1597490809.1071846, 1597490809.3090186, 1597490809.5115304, 1597490809.7151806, 1597490809.9189115, 1597490810.1264288, 1597490810.3289597, 1597490809.1071846, 1597490809.3090186, 1597490809.5115304, 1597490809.7151806, 1597490809.9189115, 1597490810.1264288, 1597490810.3289597, 1597490810.5353217, 1597490809.1071846, 1597490809.3090186, 1597490809.5115304, 1597490809.7151806, 1597490809.9189115, 1597490810.1264288, 1597490810.3289597, 1597490810.5353217, 1597490810.7709305, 1597490810.9796605, 1597490811.2222626, 1597490809.1071846, 1597490809.3090186, 1597490809.5115304, 1597490809.7151806, 1597490809.9189115, 1597490810.1264288, 1597490810.3289597, 1597490810.5353217, 1597490810.7709305, 1597490810.9796605, 1597490811.2222626, 1597490811.4248316, 1597490809.1071846, 1597490809.3090186, 1597490809.5115304, 1597490809.7151806, 1597490809.9189115, 1597490810.1264288, 1597490810.3289597, 1597490810.5353217, 1597490810.7709305, 1597490810.9796605, 1597490811.2222626, 1597490811.4248316, 1597490811.62864, 1597490811.8340456, 1597490812.0368054, 1597490812.2442794, 1597490812.4523876, 1597490809.1071846, 1597490809.3090186, 1597490809.5115304, 1597490809.7151806, 1597490809.9189115, 1597490810.1264288, 1597490810.3289597, 1597490810.5353217, 1597490810.7709305, 1597490810.9796605, 1597490811.2222626, 1597490811.4248316, 1597490811.62864, 1597490811.8340456, 1597490812.0368054, 1597490812.2442794, 1597490812.4523876, 1597490812.655055, 1597490809.1071846, 1597490809.3090186, 1597490809.5115304, 1597490809.7151806, 1597490809.9189115, 1597490810.1264288, 1597490810.3289597, 1597490810.5353217, 1597490810.7709305, 1597490810.9796605, 1597490811.2222626, 1597490811.4248316, 1597490811.62864, 1597490811.8340456, 1597490812.0368054, 1597490812.2442794, 1597490812.4523876, 1597490812.655055, 1597490812.8582075, 1597490813.0614727, 1597490809.1071846, 1597490809.3090186, 1597490809.5115304, 1597490809.7151806, 1597490809.9189115, 1597490810.1264288, 1597490810.3289597, 1597490810.5353217, 1597490810.7709305, 1597490810.9796605, 1597490811.2222626, 1597490811.4248316, 1597490811.62864, 1597490811.8340456, 1597490812.0368054, 1597490812.2442794, 1597490812.4523876, 1597490812.655055, 1597490812.8582075, 1597490813.0614727, 1597490813.2659647, 1597490813.4692485, 1597490813.6731544, 1597490813.8758373, 1597490809.1071846, 1597490809.3090186, 1597490809.5115304, 1597490809.7151806, 1597490809.9189115, 1597490810.1264288, 1597490810.3289597, 1597490810.5353217, 1597490810.7709305, 1597490810.9796605, 1597490811.2222626, 1597490811.4248316, 1597490811.62864, 1597490811.8340456, 1597490812.0368054, 1597490812.2442794, 1597490812.4523876, 1597490812.655055, 1597490812.8582075, 1597490813.0614727, 1597490813.2659647, 1597490813.4692485, 1597490813.6731544, 1597490813.8758373, 1597490814.0855615, 1597490814.2966597, 1597490809.1071846, 1597490809.3090186, 1597490809.5115304, 1597490809.7151806, 1597490809.9189115, 1597490810.1264288, 1597490810.3289597, 1597490810.5353217, 1597490810.7709305, 1597490810.9796605, 1597490811.2222626, 1597490811.4248316, 1597490811.62864, 1597490811.8340456, 1597490812.0368054, 1597490812.2442794, 1597490812.4523876, 1597490812.655055, 1597490812.8582075, 1597490813.0614727, 1597490813.2659647, 1597490813.4692485, 1597490813.6731544, 1597490813.8758373, 1597490814.0855615, 1597490814.2966597, 1597490814.5517852, 1597490814.755491, 1597490809.1071846, 1597490809.3090186, 1597490809.5115304, 1597490809.7151806, 1597490809.9189115, 1597490810.1264288, 1597490810.3289597, 1597490810.5353217, 1597490810.7709305, 1597490810.9796605, 1597490811.2222626, 1597490811.4248316, 1597490811.62864, 1597490811.8340456, 1597490812.0368054, 1597490812.2442794, 1597490812.4523876, 1597490812.655055, 1597490812.8582075, 1597490813.0614727, 1597490813.2659647, 1597490813.4692485, 1597490813.6731544, 1597490813.8758373, 1597490814.0855615, 1597490814.2966597, 1597490814.5517852, 1597490814.755491, 1597490814.9584656, 1597490815.1604025, 1597490809.1071846, 1597490809.3090186, 1597490809.5115304, 1597490809.7151806, 1597490809.9189115, 1597490810.1264288, 1597490810.3289597, 1597490810.5353217, 1597490810.7709305, 1597490810.9796605, 1597490811.2222626, 1597490811.4248316, 1597490811.62864, 1597490811.8340456, 1597490812.0368054, 1597490812.2442794, 1597490812.4523876, 1597490812.655055, 1597490812.8582075, 1597490813.0614727, 1597490813.2659647, 1597490813.4692485, 1597490813.6731544, 1597490813.8758373, 1597490814.0855615, 1597490814.2966597, 1597490814.5517852, 1597490814.755491, 1597490814.9584656, 1597490815.1604025, 1597490815.365734, 1597490815.5676525, 1597490809.1071846, 1597490809.3090186, 1597490809.5115304, 1597490809.7151806, 1597490809.9189115, 1597490810.1264288, 1597490810.3289597, 1597490810.5353217, 1597490810.7709305, 1597490810.9796605, 1597490811.2222626, 1597490811.4248316, 1597490811.62864, 1597490811.8340456, 1597490812.0368054, 1597490812.2442794, 1597490812.4523876, 1597490812.655055, 1597490812.8582075, 1597490813.0614727, 1597490813.2659647, 1597490813.4692485, 1597490813.6731544, 1597490813.8758373, 1597490814.0855615, 1597490814.2966597, 1597490814.5517852, 1597490814.755491, 1597490814.9584656, 1597490815.1604025, 1597490815.365734, 1597490815.5676525, 1597490815.7720525, 1597490816.009764, 1597490809.1071846, 1597490809.3090186, 1597490809.5115304, 1597490809.7151806, 1597490809.9189115, 1597490810.1264288, 1597490810.3289597, 1597490810.5353217, 1597490810.7709305, 1597490810.9796605, 1597490811.2222626, 1597490811.4248316, 1597490811.62864, 1597490811.8340456, 1597490812.0368054, 1597490812.2442794, 1597490812.4523876, 1597490812.655055, 1597490812.8582075, 1597490813.0614727, 1597490813.2659647, 1597490813.4692485, 1597490813.6731544, 1597490813.8758373, 1597490814.0855615, 1597490814.2966597, 1597490814.5517852, 1597490814.755491, 1597490814.9584656, 1597490815.1604025, 1597490815.365734, 1597490815.5676525, 1597490815.7720525, 1597490816.009764, 1597490816.212424, 1597490816.4196444, 1597490809.1071846, 1597490809.3090186, 1597490809.5115304, 1597490809.7151806, 1597490809.9189115, 1597490810.1264288, 1597490810.3289597, 1597490810.5353217, 1597490810.7709305, 1597490810.9796605, 1597490811.2222626, 1597490811.4248316, 1597490811.62864, 1597490811.8340456, 1597490812.0368054, 1597490812.2442794, 1597490812.4523876, 1597490812.655055, 1597490812.8582075, 1597490813.0614727, 1597490813.2659647, 1597490813.4692485, 1597490813.6731544, 1597490813.8758373, 1597490814.0855615, 1597490814.2966597, 1597490814.5517852, 1597490814.755491, 1597490814.9584656, 1597490815.1604025, 1597490815.365734, 1597490815.5676525, 1597490815.7720525, 1597490816.009764, 1597490816.212424, 1597490816.4196444, 1597490816.6350482, 1597490816.867076, 1597490817.074128, 1597490817.2790809],